<?xml version="1.0"?>
<!--<!DOCTYPE metadata SYSTEM "http://www.esri.com/metadata/esriprof80.dtd">-->
<metadata xml:lang="zh"><Esri><CreaDate>20090206</CreaDate><CreaTime>18474900</CreaTime><SyncOnce>FALSE</SyncOnce><SyncDate>20090206</SyncDate><SyncTime>18422900</SyncTime><ModDate>20090206</ModDate><ModTime>18422900</ModTime><DataProperties><lineage><Process Name="Merge_2" ToolSource="C:\Program Files\ArcGIS\ArcToolbox\Toolboxes\Data Management Tools.tbx\Merge" Date="20090206" Time="160007">Merge 3;neimenggu_xianjie C:\CHINA_COUNTY\SHP-new\www.shp "NAME NAME true false false 33 Text 0 0 ,First,#,3,NAME,-1,-1,neimenggu_xianjie,NAME,-1,-1;BIANMA BIANMA true false false 11 Double 0 11 ,First,#,3,BIANMA,-1,-1,neimenggu_xianjie,BIANMA,-1,-1;PYNAME PYNAME true false false 50 Text 0 0 ,First,#,3,PYNAME,-1,-1,neimenggu_xianjie,PYNAME,-1,-1;邮政编码 邮政编码 true false false 22 Text 0 0 ,First,#,3,邮政编码,-1,-1,neimenggu_xianjie,邮政编码,-1,-1;DIVA_FLAG DIVA_FLAG true false false 6 Long 0 6 ,First,#,3,DIVA_FLAG,-1,-1,neimenggu_xianjie,DIVA_FLAG,-1,-1"</Process><Process Name="Merge_1" ToolSource="C:\Program Files\ArcGIS\ArcToolbox\Toolboxes\Data Management Tools.tbx\Merge" Date="20090206" Time="174253">Merge nm;gs D:\temp\nm_Merge.shp "NAME NAME true false false 33 Text 0 0 ,First,#,nm,NAME,-1,-1,gs,NAME,-1,-1;BIANMA BIANMA true false false 11 Double 0 11 ,First,#,nm,BIANMA,-1,-1,gs,BIANMA,-1,-1;PYNAME PYNAME true false false 50 Text 0 0 ,First,#,nm,PYNAME,-1,-1,gs,PYNAME,-1,-1;邮政编码 邮政编码 true false false 22 Text 0 0 ,First,#,nm,邮政编码,-1,-1,gs,邮政编码,-1,-1;DIVA_FLAG DIVA_FLAG true false false 6 Long 0 6 ,First,#,nm,DIVA_FLAG,-1,-1,gs,DIVA_FLAG,-1,-1"</Process><Process Name="Dissolve_4" ToolSource="C:\Program Files\ArcGIS\ArcToolbox\Toolboxes\Data Management Tools.tbx\Dissolve" Date="20090206" Time="181905">Dissolve nm_Merge D:\temp\nm_Merge_Dissolve2.shp FID # MULTI_PART</Process><Process Name="Merge_10" ToolSource="C:\Program Files\ArcGIS\ArcToolbox\Toolboxes\Data Management Tools.tbx\Merge" Date="20090206" Time="182902">Merge nm_Merge_Dissolve2;New_Shapefile(3) D:\temp\nm_Merge_Dissolve2_Merge.shp "Id Id true false false 6 Long 0 6 ,First,#,nm_Merge_Dissolve2,Id,-1,-1,New_Shapefile(3),Id,-1,-1"</Process><Process Name="Dissolve_11" ToolSource="C:\Program Files\ArcGIS\ArcToolbox\Toolboxes\Data Management Tools.tbx\Dissolve" Date="20090206" Time="183011">Dissolve nm_Merge_Dissolve2_Merge D:\temp\nm_Dis.shp # # MULTI_PART</Process><Process Name="Union_13" ToolSource="C:\Program Files\ArcGIS\ArcToolbox\Toolboxes\Analysis Tools.tbx\Union" Date="20090206" Time="184004">Union "nm_Dis #;nm_Merge_Dissolve2_Merge #" D:\temp\nm_Dis_Union.shp ALL # GAPS</Process><Process Name="Merge_14" ToolSource="C:\Program Files\ArcGIS\ArcToolbox\Toolboxes\Data Management Tools.tbx\Merge" Date="20090206" Time="184230">Merge Export_Output_6;gansu_xianjie D:\temp\Export_gsMerge.shp "FID_nm_Dis FID_nm_Dis true false false 9 Long 0 9 ,First,#,Export_Output_6,FID_nm_Dis,-1,-1;Id Id true false false 6 Long 0 6 ,First,#,Export_Output_6,Id,-1,-1;FID_nm_Mer FID_nm_Mer true false false 9 Long 0 9 ,First,#,Export_Output_6,FID_nm_Mer,-1,-1;Id_1 Id_1 true false false 6 Long 0 6 ,First,#,Export_Output_6,Id_1,-1,-1;NAME NAME true false false 33 Text 0 0 ,First,#,gansu_xianjie,NAME,-1,-1;BIANMA BIANMA true false false 11 Double 0 11 ,First,#,gansu_xianjie,BIANMA,-1,-1;PYNAME PYNAME true false false 50 Text 0 0 ,First,#,gansu_xianjie,PYNAME,-1,-1;邮政编码 邮政编码 true false false 22 Text 0 0 ,First,#,gansu_xianjie,邮政编码,-1,-1;DIVA_FLAG DIVA_FLAG true false false 6 Long 0 6 ,First,#,gansu_xianjie,DIVA_FLAG,-1,-1"</Process></lineage></DataProperties><MetaID>{9BD04E88-3AC5-49E8-B422-E4005C045D98}</MetaID></Esri><idinfo><native Sync="TRUE">Microsoft Windows XP Version 5.1 (Build 2600) Service Pack 2; ESRI ArcCatalog 9.2.0.1324</native><descript><langdata Sync="TRUE">zh</langdata><abstract>REQUIRED: A brief narrative summary of the data set.</abstract><purpose>REQUIRED: A summary of the intentions with which the data set was developed.</purpose></descript><citation><citeinfo><origin>REQUIRED: The name of an organization or individual that developed the data set.</origin><pubdate>REQUIRED: The date when the data set is published or otherwise made available for release.</pubdate><title Sync="TRUE">Export_gsMerge</title><ftname Sync="TRUE">Export_gsMerge</ftname><geoform Sync="TRUE">vector digital data</geoform><onlink Sync="TRUE">\\WANGYULING\C\CHINA_COUNTY\SHP-new\gansu_xianjie</onlink></citeinfo></citation><timeperd><current>REQUIRED: The basis on which the time period of content information is determined.</current><timeinfo><sngdate><caldate>REQUIRED: The year (and optionally month, or month and day) for which the data set corresponds to the ground.</caldate></sngdate></timeinfo></timeperd><status><progress>REQUIRED: The state of the data set.</progress><update>REQUIRED: The frequency with which changes and additions are made to the data set after the initial data set is completed.</update></status><spdom><bounding><westbc Sync="TRUE">REQUIRED: Western-most coordinate of the limit of coverage expressed in longitude.</westbc><eastbc Sync="TRUE">REQUIRED: Eastern-most coordinate of the limit of coverage expressed in longitude.</eastbc><northbc Sync="TRUE">REQUIRED: Northern-most coordinate of the limit of coverage expressed in latitude.</northbc><southbc Sync="TRUE">REQUIRED: Southern-most coordinate of the limit of coverage expressed in latitude.</southbc></bounding></spdom><keywords><theme><themekt>REQUIRED: Reference to a formally registered thesaurus or a similar authoritative source of theme keywords.</themekt><themekey>REQUIRED: Common-use word or phrase used to describe the subject of the data set.</themekey></theme></keywords><accconst>REQUIRED: Restrictions and legal prerequisites for accessing the data set.</accconst><useconst>REQUIRED: Restrictions and legal prerequisites for using the data set after access is granted.</useconst><natvform Sync="TRUE">Shapefile</natvform></idinfo><dataIdInfo><envirDesc Sync="TRUE">Microsoft Windows XP Version 5.1 (Build 2600) Service Pack 2; ESRI ArcCatalog 9.2.0.1324</envirDesc><dataLang><languageCode Sync="TRUE" value="zh"></languageCode></dataLang><idCitation><resTitle Sync="TRUE">Export_gsMerge</resTitle><presForm><PresFormCd Sync="TRUE" value="005"></PresFormCd></presForm></idCitation><spatRpType><SpatRepTypCd Sync="TRUE" value="001"></SpatRepTypCd></spatRpType></dataIdInfo><metainfo><langmeta Sync="TRUE">zh</langmeta><metstdn Sync="TRUE">FGDC Content Standards for Digital Geospatial Metadata</metstdn><metstdv Sync="TRUE">FGDC-STD-001-1998</metstdv><mettc Sync="TRUE">local time</mettc><metc><cntinfo><cntorgp><cntper>REQUIRED: The person responsible for the metadata information.</cntper><cntorg>REQUIRED: The organization responsible for the metadata information.</cntorg></cntorgp><cntaddr><addrtype>REQUIRED: The mailing and/or physical address for the organization or individual.</addrtype><city>REQUIRED: The city of the address.</city><state>REQUIRED: The state or province of the address.</state><postal>REQUIRED: The ZIP or other postal code of the address.</postal></cntaddr><cntvoice>REQUIRED: The telephone number by which individuals can speak to the organization or individual.</cntvoice></cntinfo></metc><metd Sync="TRUE">20090206</metd><metextns><onlink Sync="TRUE">http://www.esri.com/metadata/esriprof80.html</onlink><metprof Sync="TRUE">ESRI Metadata Profile</metprof></metextns></metainfo><mdLang><languageCode Sync="TRUE" value="zh"></languageCode></mdLang><mdStanName Sync="TRUE">ISO 19115 Geographic Information - Metadata</mdStanName><mdStanVer Sync="TRUE">DIS_ESRI1.0</mdStanVer><mdChar><CharSetCd Sync="TRUE" value="004"></CharSetCd></mdChar><mdHrLv><ScopeCd Sync="TRUE" value="005"></ScopeCd></mdHrLv><mdHrLvName Sync="TRUE">dataset</mdHrLvName><distinfo><resdesc Sync="TRUE">Downloadable Data</resdesc><stdorder><digform><digtinfo><transize Sync="TRUE">0.000</transize><dssize Sync="TRUE">0.000</dssize></digtinfo></digform></stdorder></distinfo><distInfo><distributor><distorTran><onLineSrc><orDesc Sync="TRUE">002</orDesc><linkage Sync="TRUE">file://\\WANGYULING\C\CHINA_COUNTY\SHP-new\gansu_xianjie</linkage><protocol Sync="TRUE">Local Area Network</protocol></onLineSrc><transSize Sync="TRUE">0.000</transSize></distorTran><distorFormat><formatName Sync="TRUE">Shapefile</formatName></distorFormat></distributor></distInfo><spdoinfo><direct Sync="TRUE">Vector</direct><ptvctinf><esriterm Name="Export_gsMerge"><efeatyp Sync="TRUE">Simple</efeatyp><efeageom Sync="TRUE">Polygon</efeageom><esritopo Sync="TRUE">FALSE</esritopo><efeacnt Sync="TRUE">0</efeacnt><spindex Sync="TRUE">FALSE</spindex><linrefer Sync="TRUE">FALSE</linrefer></esriterm><sdtsterm Name="Export_gsMerge"><sdtstype Sync="TRUE">G-polygon</sdtstype><ptvctcnt Sync="TRUE">0</ptvctcnt></sdtsterm></ptvctinf></spdoinfo><spref><horizsys><cordsysn><geogcsn Sync="TRUE">Lat Long for MAPINFO type 0 Datum</geogcsn></cordsysn><geograph><geogunit Sync="TRUE">degree</geogunit><latres Sync="TRUE">0.000000</latres><longres Sync="TRUE">0.000000</longres></geograph><geodetic><horizdn Sync="TRUE">D_MAPINFO</horizdn><ellips Sync="TRUE">World Geodetic System of 1984</ellips><semiaxis Sync="TRUE">6378137.000000</semiaxis><denflat Sync="TRUE">298.257223</denflat></geodetic></horizsys></spref><refSysInfo><RefSystem><refSysID><identCode Sync="TRUE">Lat Long for MAPINFO type 0 Datum</identCode></refSysID></RefSystem></refSysInfo><spatRepInfo><VectSpatRep><topLvl><TopoLevCd Sync="TRUE" value="001"></TopoLevCd></topLvl><geometObjs Name="Export_gsMerge"><geoObjTyp><GeoObjTypCd Sync="TRUE" value="001"></GeoObjTypCd></geoObjTyp><geoObjCnt Sync="TRUE">0</geoObjCnt></geometObjs></VectSpatRep></spatRepInfo><eainfo><detailed Name="Export_gsMerge"><enttyp><enttypl Sync="TRUE">Export_gsMerge</enttypl><enttypt Sync="TRUE">Feature Class</enttypt><enttypc Sync="TRUE">0</enttypc></enttyp><attr><attrlabl Sync="TRUE">FID</attrlabl><attalias Sync="TRUE">FID</attalias><attrtype Sync="TRUE">OID</attrtype><attwidth Sync="TRUE">4</attwidth><atprecis Sync="TRUE">0</atprecis><attscale Sync="TRUE">0</attscale><attrdef Sync="TRUE">Internal feature number.</attrdef><attrdefs Sync="TRUE">ESRI</attrdefs><attrdomv><udom Sync="TRUE">Sequential unique whole numbers that are automatically generated.</udom></attrdomv></attr><attr><attrlabl Sync="TRUE">Shape</attrlabl><attalias Sync="TRUE">Shape</attalias><attrtype Sync="TRUE">Geometry</attrtype><attwidth Sync="TRUE">0</attwidth><atprecis Sync="TRUE">0</atprecis><attscale Sync="TRUE">0</attscale><attrdef Sync="TRUE">Feature geometry.</attrdef><attrdefs Sync="TRUE">ESRI</attrdefs><attrdomv><udom Sync="TRUE">Coordinates defining the features.</udom></attrdomv></attr><attr><attrlabl Sync="TRUE">FID_nm_Dis</attrlabl><attalias Sync="TRUE">FID_nm_Dis</attalias><attrtype Sync="TRUE">Number</attrtype><attwidth Sync="TRUE">9</attwidth></attr><attr><attrlabl Sync="TRUE">Id</attrlabl><attalias Sync="TRUE">Id</attalias><attrtype Sync="TRUE">Number</attrtype><attwidth Sync="TRUE">6</attwidth></attr><attr><attrlabl Sync="TRUE">FID_nm_Mer</attrlabl><attalias Sync="TRUE">FID_nm_Mer</attalias><attrtype Sync="TRUE">Number</attrtype><attwidth Sync="TRUE">9</attwidth></attr><attr><attrlabl Sync="TRUE">Id_1</attrlabl><attalias Sync="TRUE">Id_1</attalias><attrtype Sync="TRUE">Number</attrtype><attwidth Sync="TRUE">6</attwidth></attr><attr><attrlabl Sync="TRUE">NAME</attrlabl><attalias Sync="TRUE">NAME</attalias><attrtype Sync="TRUE">String</attrtype><attwidth Sync="TRUE">33</attwidth></attr><attr><attrlabl Sync="TRUE">BIANMA</attrlabl><attalias Sync="TRUE">BIANMA</attalias><attrtype Sync="TRUE">Number</attrtype><attwidth Sync="TRUE">11</attwidth></attr><attr><attrlabl Sync="TRUE">PYNAME</attrlabl><attalias Sync="TRUE">PYNAME</attalias><attrtype Sync="TRUE">String</attrtype><attwidth Sync="TRUE">50</attwidth></attr><attr><attrlabl Sync="TRUE">邮政编码</attrlabl><attalias Sync="TRUE">邮政编码</attalias><attrtype Sync="TRUE">String</attrtype><attwidth Sync="TRUE">22</attwidth></attr><attr><attrlabl Sync="TRUE">DIVA_FLAG</attrlabl><attalias Sync="TRUE">DIVA_FLAG</attalias><attrtype Sync="TRUE">Number</attrtype><attwidth Sync="TRUE">6</attwidth></attr></detailed></eainfo><mdDateSt Sync="TRUE">20090206</mdDateSt><dataqual><lineage><procstep><procdesc Sync="TRUE">Dataset copied.</procdesc><srcused Sync="TRUE"></srcused><date Sync="TRUE">20090206</date><time Sync="TRUE">17403800</time></procstep><procstep><procdesc Sync="TRUE">Dataset copied.</procdesc><srcused Sync="TRUE"></srcused><date Sync="TRUE">20090206</date><time Sync="TRUE">18403700</time></procstep><procstep><procdesc Sync="TRUE">Dataset copied.</procdesc><srcused Sync="TRUE">D:\temp\gansu_xianjie</srcused><date Sync="TRUE">20090206</date><time Sync="TRUE">18474900</time></procstep></lineage></dataqual></metadata>
